"Id","OwnerId","IsDeleted","Name","CreatedDate","CreatedById","LastModifiedDate","LastModifiedById","SystemModstamp","LastActivityDate","Insurance__c","Account_Name__c","Bank_Type__c","Bank_Address__c","Branch_Name__c","Balance_Limit__c","Available_Balance__c","Current_Balance__c"
"a012w00000zL5AFAA0","0052w00000AvH2CAAV","0","Bank of Baroda","2022-12-12 17:33:21","0052w00000AvH2CAAV","2023-04-15 19:29:43","0052w00000AvH2CAAV","2023-04-15 19:29:44","","","0012w00001VCwbDAAT","Cooperative Banks","Central Office, P.O. Box No. 10046, 9th Floor, Baroda Corporate Centre, Bandra Kurla Complex, Bandra (East), Mumbai-400 051.","","","",""
"a012w00000zL5AGAA0","0052w00000AvH2CAAV","0","Bank of India","2022-12-12 17:33:21","0052w00000AvH2CAAV","2022-12-12 19:43:18","0052w00000AvH2CAAV","2022-12-12 19:43:18","","","0012w00001A6nfIAAR","Regional Rural Banks (RRB)","Head Office, Star House, C-5, G-Block, Bandra Kurla Complex, Bandra (East), Mumbai-400 051","Bandra (East)","","",""
"a012w00000zL5AHAA0","0052w00000AvH2CAAV","0","Bank of Maharashtra","2022-12-12 17:33:21","0052w00000AvH2CAAV","2022-12-12 17:34:38","0052w00000AvH2CAAV","2022-12-12 17:34:38","","","0012w00001A6mIVAAZ","Public Sector Banks","Head Office, Lokmangal, 1501, Shivaji Nagar, Pune-411 005.","Bandra (East)","","",""
"a012w00000zL5AIAA0","0052w00000AvH2CAAV","0","Canara Bank","2022-12-12 17:33:21","0052w00000AvH2CAAV","2022-12-12 17:33:21","0052w00000AvH2CAAV","2022-12-12 17:33:21","","","","","Head Office, 112, J.C. Road, P.B. No. 6648, Bangalore-560 002.","","","",""
"a012w00000zL5AJAA0","0052w00000AvH2CAAV","0","Central Bank of India","2022-12-12 17:33:21","0052w00000AvH2CAAV","2022-12-12 17:33:21","0052w00000AvH2CAAV","2022-12-12 17:33:21","","","","","Head Office, Chandramukhi, Nariman Point, Mumbai-400 021.","","","",""
"a012w00000zL5AKAA0","0052w00000AvH2CAAV","0","Indian Bank","2022-12-12 17:33:21","0052w00000AvH2CAAV","2022-12-12 17:33:21","0052w00000AvH2CAAV","2022-12-12 17:33:21","","","","","Head Office, 31, Rajaji Road, Chennai-600 001","","","",""
"a012w00000zL5ALAA0","0052w00000AvH2CAAV","0","Indian Overseas Bank","2022-12-12 17:33:21","0052w00000AvH2CAAV","2022-12-12 19:43:03","0052w00000AvH2CAAV","2022-12-12 19:43:03","","","0012w00001A6l2AAAR","Public Sector Banks","Central Office, 763, Anna Salai, P.B. No. 3765, Chennai-600 02.","Dena Bank Dhantoli, Nagpur, 440012","","",""
"a012w00000zL5AMAA0","0052w00000AvH2CAAV","0","Punjab National Bank","2022-12-12 17:33:21","0052w00000AvH2CAAV","2022-12-12 17:33:21","0052w00000AvH2CAAV","2022-12-12 17:33:21","","","","","Head Office, Plot No 4, Sector-10,Dwarka New Delhi-110 066.","","","",""
"a012w00000zL5ANAA0","0052w00000AvH2CAAV","0","Punjab & Sind Bank","2022-12-12 17:33:21","0052w00000AvH2CAAV","2022-12-12 17:33:21","0052w00000AvH2CAAV","2022-12-12 17:33:21","","","","","Head Office, Bank House, 21, Rajindra Place, New Delhi-110 008.","","","",""
"a012w00000zL5AOAA0","0052w00000AvH2CAAV","0","Union Bank of India","2022-12-12 17:33:21","0052w00000AvH2CAAV","2022-12-12 17:33:21","0052w00000AvH2CAAV","2022-12-12 17:33:21","","","","","Head Office, 239, Vidhan Bhavan Marg, Nariman Point, Mumbai-400 021.","","","",""
"a012w00000zL5APAA0","0052w00000AvH2CAAV","0","UCO Bank","2022-12-12 17:33:21","0052w00000AvH2CAAV","2022-12-12 17:33:21","0052w00000AvH2CAAV","2022-12-12 17:33:21","","","","","Head Office, 10, B.T.M. Sarani, Brabourn Road, Calcutta-700 001.","","","",""
"a012w00000zL5AQAA0","0052w00000AvH2CAAV","0","State Bank of India","2022-12-12 17:33:21","0052w00000AvH2CAAV","2022-12-12 17:33:21","0052w00000AvH2CAAV","2022-12-12 17:33:21","","","","","Central Office, State Bank Bhavan, Madam Cama Road, Mumbai-400 021","","","",""
"a012w00000zL5SoAAK","0052w00000AvH2CAAV","0","Report Bank","2022-12-12 18:58:29","0052w00000AvH2CAAV","2022-12-12 18:58:29","0052w00000AvH2CAAV","2022-12-12 18:58:29","","","0012w00001A6nfIAAR","Commercial Banks","","Union Bank of India Bagadgani, Nagpur, 440008","","670000",""
