"Id","OwnerId","IsDeleted","Name","CreatedDate","CreatedById","LastModifiedDate","LastModifiedById","SystemModstamp","LastActivityDate","Loan_Type__c","Account__c","User__c"
"a032w00000T9q3TAAR","0052w00000AvH2CAAV","0","Loan01","2022-12-12 19:32:40","0052w00000AvH2CAAV","2022-12-12 19:49:14","0052w00000AvH2CAAV","2022-12-12 19:49:14","","Gold loans","0012w00001A6nlcAAB",""
"a032w00000T9q3YAAR","0052w00000AvH2CAAV","0","Loan02","2022-12-12 19:32:58","0052w00000AvH2CAAV","2022-12-12 19:49:30","0052w00000AvH2CAAV","2022-12-12 19:49:30","","Loans against insurance policies","0012w00001A6nlhAAB",""
"a032w00000T9vuRAAR","0052w00000AvH2CAAV","0","Loan03","2022-12-13 17:50:58","0052w00000AvH2CAAV","2022-12-13 17:50:58","0052w00000AvH2CAAV","2022-12-13 17:50:58","","Home loan","0012w00001A6nfIAAR",""
"a032w00000T9vuSAAR","0052w00000AvH2CAAV","0","Loan06","2022-12-13 17:53:48","0052w00000AvH2CAAV","2022-12-13 17:53:48","0052w00000AvH2CAAV","2022-12-13 17:53:48","","Student Loan","0012w00001A6nTxAAJ",""
"a032w00000T9vuWAAR","0052w00000AvH2CAAV","0","Loan04","2022-12-13 17:51:16","0052w00000AvH2CAAV","2022-12-13 17:51:16","0052w00000AvH2CAAV","2022-12-13 17:51:16","","Gold loans","0012w00001A6l2AAAR",""
"a032w00000T9vuXAAR","0052w00000AvH2CAAV","0","Loan05","2022-12-13 17:53:25","0052w00000AvH2CAAV","2022-12-13 17:53:25","0052w00000AvH2CAAV","2022-12-13 17:53:25","","Car Loan","0012w00001A6nlhAAB",""
"a032w00000T9w0YAAR","0052w00000AwJ4NAAV","0","Loan07","2022-12-13 18:07:22","0052w00000AwJ4NAAV","2022-12-13 18:07:22","0052w00000AwJ4NAAV","2022-12-13 18:07:22","","Home loan","0012w00001A74oeAAB",""
"a032w00000T9w0iAAB","0052w00000AwJ4NAAV","0","Loan08","2022-12-13 18:12:19","0052w00000AwJ4NAAV","2022-12-13 18:12:19","0052w00000AwJ4NAAV","2022-12-13 18:12:19","","Car Loan","0012w00001A74qRAAR",""
"a032w00000T9w0sAAB","0052w00000AwJ4NAAV","0","Loan09","2022-12-13 18:13:07","0052w00000AwJ4NAAV","2022-12-13 18:13:07","0052w00000AwJ4NAAV","2022-12-13 18:13:07","","Student Loan","0012w00001A74sOAAR",""
