"Id","IsDeleted","AccountId","IsPrivate","Name","Description","StageName","StageSortOrder","Amount","Probability","ExpectedRevenue","TotalOpportunityQuantity","CloseDate","Type","NextStep","LeadSource","IsClosed","IsWon","ForecastCategory","ForecastCategoryName","CampaignId","HasOpportunityLineItem","Pricebook2Id","OwnerId","CreatedDate","CreatedById","LastModifiedDate","LastModifiedById","SystemModstamp","LastActivityDate","LastStageChangeDate","FiscalYear","FiscalQuarter","ContactId","PrimaryPartnerAccountId","ContractId","LastAmountChangedHistoryId","LastCloseDateChangedHistoryId","DeliveryInstallationStatus__c","TrackingNumber__c","OrderNumber__c","CurrentGenerators__c","MainCompetitors__c"
"0062w00000HAKQiAAP","0","0012w00001AGOCTAA5","0","Dickenson Mobile Generators","","Qualification","2","15000","10","1500","","2022-10-17 00:00:00","New Customer","","Purchased List","0","0","Pipeline","Pipeline","000000000000000AAA","","","0052w00000AvH2CAAV","2022-12-08 21:24:05","0052w00000AvH2CAAV","2022-12-08 21:24:05","0052w00000AvH2CAAV","2022-12-08 21:24:05","","","2015","1","000000000000000AAA","","","","","","","","","Honda"
"0062w00000HAKQjAAP","0","0012w00001AGOCVAA5","0","United Oil SLA","","Closed Won","9","120000","100","120000","","2022-11-26 00:00:00","Existing Customer - Upgrade","","Partner","1","1","Closed","Closed","000000000000000AAA","","","0052w00000AvH2CAAV","2022-12-08 21:24:05","0052w00000AvH2CAAV","2022-12-08 21:24:05","0052w00000AvH2CAAV","2022-12-08 21:24:05","","","2015","2","000000000000000AAA","","","","","In progress","","926363","",""
"0062w00000HAKQkAAP","0","0012w00001AGOCVAA5","0","United Oil Office Portable Generators","","Negotiation/Review","8","125000","90","112500","","2022-10-05 00:00:00","Existing Customer - Upgrade","","","0","0","Pipeline","Pipeline","000000000000000AAA","","","0052w00000AvH2CAAV","2022-12-08 21:24:05","0052w00000AvH2CAAV","2022-12-08 21:24:05","0052w00000AvH2CAAV","2022-12-08 21:24:05","","","2015","1","000000000000000AAA","","","","","","","","Yamaha","Yamaha"
"0062w00000HAKQlAAP","0","0012w00001AGOCaAAP","0","GenePoint Standby Generator","","Closed Won","9","85000","100","85000","","2022-10-08 00:00:00","New Customer","","Partner","1","1","Closed","Closed","000000000000000AAA","","","0052w00000AvH2CAAV","2022-12-08 21:24:05","0052w00000AvH2CAAV","2022-12-08 21:24:05","0052w00000AvH2CAAV","2022-12-08 21:24:05","","","2015","1","000000000000000AAA","","","","","Completed","830150301420","908676","Honda","Honda"
"0062w00000HAKQmAAP","0","0012w00001AGOCVAA5","0","United Oil Refinery Generators","","Proposal/Price Quote","7","270000","75","202500","","2022-11-19 00:00:00","Existing Customer - Upgrade","","","0","0","Pipeline","Pipeline","000000000000000AAA","","","0052w00000AvH2CAAV","2022-12-08 21:24:05","0052w00000AvH2CAAV","2022-12-08 21:24:05","0052w00000AvH2CAAV","2022-12-08 21:24:05","","","2015","2","000000000000000AAA","","","","","Yet to begin","","","Caterpillar","John Deere"
"0062w00000HAKQnAAP","0","0012w00001AGOCWAA5","0","Express Logistics Standby Generator","","Closed Won","9","220000","100","220000","","2022-08-31 00:00:00","New Customer","","Trade Show","1","1","Closed","Closed","000000000000000AAA","","","0052w00000AvH2CAAV","2022-12-08 21:24:05","0052w00000AvH2CAAV","2022-12-08 21:24:05","0052w00000AvH2CAAV","2022-12-08 21:24:05","","","2015","1","000000000000000AAA","","","","","","830150301420","653276","Hawkpower","Fujitsu"
"0062w00000HAKQoAAP","0","0012w00001AGOCUAA5","0","Grand Hotels Kitchen Generator","","Id. Decision Makers","5","15000","60","9000","","2022-08-26 00:00:00","Existing Customer - Upgrade","","","0","0","Pipeline","Pipeline","000000000000000AAA","","","0052w00000AvH2CAAV","2022-12-08 21:24:05","0052w00000AvH2CAAV","2022-12-08 21:24:05","0052w00000AvH2CAAV","2022-12-08 21:24:05","","","2015","1","000000000000000AAA","","","","","Yet to begin","","","John Deere","Fujitsu, Hawkpower"
"0062w00000HAKQpAAP","0","0012w00001AGOCUAA5","0","Grand Hotels Guest Portable Generators","","Value Proposition","4","250000","50","125000","","2022-12-04 00:00:00","Existing Customer - Upgrade","","Employee Referral","0","0","Pipeline","Pipeline","000000000000000AAA","","","0052w00000AvH2CAAV","2022-12-08 21:24:05","0052w00000AvH2CAAV","2022-12-08 21:24:05","0052w00000AvH2CAAV","2022-12-08 21:24:05","","","2015","2","000000000000000AAA","","","","","Yet to begin","","","Honda","Honda"
"0062w00000HAKQqAAP","0","0012w00001AGOCQAA5","0","Edge Emergency Generator","","Closed Won","9","75000","100","75000","","2022-12-04 00:00:00","New Customer","","Word of mouth","1","1","Closed","Closed","000000000000000AAA","","","0052w00000AvH2CAAV","2022-12-08 21:24:05","0052w00000AvH2CAAV","2022-12-08 21:24:05","0052w00000AvH2CAAV","2022-12-08 21:24:05","","","2015","2","000000000000000AAA","","","","","Completed","830150301420","731645","John Deere","John Deere"
"0062w00000HAKQrAAP","0","0012w00001AGOCXAA5","0","University of AZ Portable Generators","","Closed Won","9","50000","100","50000","","2022-09-04 00:00:00","New Customer","","Public Relations","1","1","Closed","Closed","000000000000000AAA","","","0052w00000AvH2CAAV","2022-12-08 21:24:05","0052w00000AvH2CAAV","2022-12-08 21:24:05","0052w00000AvH2CAAV","2022-12-08 21:24:05","","","2015","1","000000000000000AAA","","","","","Completed","830150301360","768934","Mitsubishi","Honda, Mitsubishi"
"0062w00000HAKQsAAP","0","0012w00001AGOCSAA5","0","Pyramid Emergency Generators","","Prospecting","1","100000","10","10000","","2022-10-13 00:00:00","","","Phone Inquiry","0","0","Pipeline","Pipeline","000000000000000AAA","","","0052w00000AvH2CAAV","2022-12-08 21:24:05","0052w00000AvH2CAAV","2022-12-08 21:24:05","0052w00000AvH2CAAV","2022-12-08 21:24:05","","","2015","1","000000000000000AAA","","","","","","","","",""
"0062w00000HAKQtAAP","0","0012w00001AGOCWAA5","0","Express Logistics Portable Truck Generators","","Value Proposition","4","80000","50","40000","","2022-08-29 00:00:00","Existing Customer - Upgrade","","External Referral","0","0","Pipeline","Pipeline","000000000000000AAA","","","0052w00000AvH2CAAV","2022-12-08 21:24:05","0052w00000AvH2CAAV","2022-12-08 21:24:05","0052w00000AvH2CAAV","2022-12-08 21:24:05","","","2015","1","000000000000000AAA","","","","","Yet to begin","","","Fujitsu","Honda"
"0062w00000HAKQuAAP","0","0012w00001AGOCVAA5","0","United Oil Installations","","Negotiation/Review","8","270000","90","243000","","2022-10-01 00:00:00","Existing Customer - Upgrade","","","0","0","Pipeline","Pipeline","000000000000000AAA","","","0052w00000AvH2CAAV","2022-12-08 21:24:05","0052w00000AvH2CAAV","2022-12-08 21:24:05","0052w00000AvH2CAAV","2022-12-08 21:24:05","","","2015","1","000000000000000AAA","","","","","Yet to begin","","","",""
"0062w00000HAKQvAAP","0","0012w00001AGOCQAA5","0","Edge Installation","","Closed Won","9","50000","100","50000","","2022-09-25 00:00:00","Existing Customer - Upgrade","","Word of mouth","1","1","Closed","Closed","000000000000000AAA","","","0052w00000AvH2CAAV","2022-12-08 21:24:05","0052w00000AvH2CAAV","2022-12-08 21:24:05","0052w00000AvH2CAAV","2022-12-08 21:24:05","","","2015","1","000000000000000AAA","","","","","Completed","","835178","",""
"0062w00000HAKQwAAP","0","0012w00001AGOCQAA5","0","Edge SLA","","Qualification","2","60000","10","6000","","2022-08-21 00:00:00","Existing Customer - Upgrade","","Word of mouth","0","0","Pipeline","Pipeline","000000000000000AAA","","","0052w00000AvH2CAAV","2022-12-08 21:24:05","0052w00000AvH2CAAV","2023-05-01 15:03:11","0052w00000AvH2CAAV","2023-05-01 15:03:11","","2023-05-01 15:03:11","2022","3","000000000000000AAA","","","","","","","847564","",""
"0062w00000HAKQxAAP","0","0012w00001AGOCVAA5","0","United Oil Installations","","Closed Won","9","270000","100","270000","","2022-09-30 00:00:00","Existing Customer - Upgrade","","Partner","1","1","Closed","Closed","000000000000000AAA","","","0052w00000AvH2CAAV","2022-12-08 21:24:05","0052w00000AvH2CAAV","2022-12-08 21:24:05","0052w00000AvH2CAAV","2022-12-08 21:24:05","","","2015","1","000000000000000AAA","","","","","In progress","","427609","",""
"0062w00000HAKQyAAP","0","0012w00001AGOCUAA5","0","Grand Hotels Generator Installations","","Closed Won","9","350000","100","350000","","2022-11-17 00:00:00","Existing Customer - Upgrade","","External Referral","1","1","Closed","Closed","000000000000000AAA","","","0052w00000AvH2CAAV","2022-12-08 21:24:05","0052w00000AvH2CAAV","2022-12-08 21:24:05","0052w00000AvH2CAAV","2022-12-08 21:24:05","","","2015","2","000000000000000AAA","","","","","Completed","","763546","",""
"0062w00000HAKQzAAP","0","0012w00001AGOCVAA5","0","United Oil Refinery Generators","","Closed Won","9","915000","100","915000","","2022-11-12 00:00:00","New Customer","","Partner","1","1","Closed","Closed","000000000000000AAA","","","0052w00000AvH2CAAV","2022-12-08 21:24:05","0052w00000AvH2CAAV","2022-12-08 21:24:05","0052w00000AvH2CAAV","2022-12-08 21:24:05","","","2015","2","000000000000000AAA","","","","","Completed","830150301360","744343","John Deere","John Deere, Mitsubishi, Hawkpower"
"0062w00000HAKR0AAP","0","0012w00001AGOCXAA5","0","University of AZ Installations","","Proposal/Price Quote","7","100000","75","75000","","2022-09-01 00:00:00","Existing Customer - Upgrade","","Employee Referral","0","0","Pipeline","Pipeline","000000000000000AAA","","","0052w00000AvH2CAAV","2022-12-08 21:24:05","0052w00000AvH2CAAV","2022-12-08 21:24:05","0052w00000AvH2CAAV","2022-12-08 21:24:05","","","2015","1","000000000000000AAA","","","","","Yet to begin","","","",""
"0062w00000HAKR1AAP","0","0012w00001AGOCWAA5","0","Express Logistics SLA","","Perception Analysis","6","120000","70","84000","","2022-08-30 00:00:00","Existing Customer - Upgrade","","External Referral","0","0","Pipeline","Pipeline","000000000000000AAA","","","0052w00000AvH2CAAV","2022-12-08 21:24:05","0052w00000AvH2CAAV","2022-12-08 21:24:05","0052w00000AvH2CAAV","2022-12-08 21:24:05","","","2015","1","000000000000000AAA","","","","","In progress","","","",""
"0062w00000HAKR2AAP","0","0012w00001AGOCXAA5","0","University of AZ SLA","","Closed Won","9","90000","100","90000","","2022-09-08 00:00:00","Existing Customer - Upgrade","","Public Relations","1","1","Closed","Closed","000000000000000AAA","","","0052w00000AvH2CAAV","2022-12-08 21:24:05","0052w00000AvH2CAAV","2022-12-08 21:24:05","0052w00000AvH2CAAV","2022-12-08 21:24:05","","","2015","1","000000000000000AAA","","","","","In progress","","654985","",""
"0062w00000HAKR3AAP","0","0012w00001AGOCRAA5","0","Burlington Textiles Weaving Plant Generator","","Closed Won","9","235000","100","235000","","2022-10-10 00:00:00","New Customer","","Web","1","1","Closed","Closed","000000000000000AAA","","","0052w00000AvH2CAAV","2022-12-08 21:24:05","0052w00000AvH2CAAV","2022-12-08 21:24:05","0052w00000AvH2CAAV","2022-12-08 21:24:05","","","2015","1","000000000000000AAA","","","","","Yet to begin","830150301360","645612","John Deere","John Deere"
"0062w00000HAKR4AAP","0","0012w00001AGOCVAA5","0","United Oil Installations","","Closed Won","9","235000","100","235000","","2022-10-12 00:00:00","Existing Customer - Upgrade","","External Referral","1","1","Closed","Closed","000000000000000AAA","","","0052w00000AvH2CAAV","2022-12-08 21:24:05","0052w00000AvH2CAAV","2022-12-08 21:24:05","0052w00000AvH2CAAV","2022-12-08 21:24:05","","","2015","1","000000000000000AAA","","","","","In progress","","554821","",""
"0062w00000HAKR5AAP","0","0012w00001AGOCVAA5","0","United Oil Emergency Generators","","Closed Won","9","440000","100","440000","","2022-09-24 00:00:00","Existing Customer - Upgrade","","External Referral","1","1","Closed","Closed","000000000000000AAA","","","0052w00000AvH2CAAV","2022-12-08 21:24:05","0052w00000AvH2CAAV","2022-12-08 21:24:05","0052w00000AvH2CAAV","2022-12-08 21:24:05","","","2015","1","000000000000000AAA","","","","","Completed","830150301420","847324","Fujitsu","Honda, Mitsubishi"
"0062w00000HAKR6AAP","0","0012w00001AGOCUAA5","0","Grand Hotels SLA","","Closed Won","9","90000","100","90000","","2022-08-28 00:00:00","Existing Customer - Upgrade","","External Referral","1","1","Closed","Closed","000000000000000AAA","","","0052w00000AvH2CAAV","2022-12-08 21:24:05","0052w00000AvH2CAAV","2022-12-08 21:24:05","0052w00000AvH2CAAV","2022-12-08 21:24:05","","","2015","1","000000000000000AAA","","","","","In progress","","254676","",""
"0062w00000HAKR7AAP","0","0012w00001AGOCUAA5","0","Grand Hotels Emergency Generators","","Closed Won","9","210000","100","210000","","2022-11-15 00:00:00","New Customer","","External Referral","1","1","Closed","Closed","000000000000000AAA","","","0052w00000AvH2CAAV","2022-12-08 21:24:05","0052w00000AvH2CAAV","2022-12-08 21:24:05","0052w00000AvH2CAAV","2022-12-08 21:24:05","","","2015","2","000000000000000AAA","","","","","Completed","830150301360","387624","Fujitsu","Caterpillar"
"0062w00000HAKR8AAP","0","0012w00001AGOCVAA5","0","United Oil Plant Standby Generators","","Needs Analysis","3","675000","20","135000","","2022-10-29 00:00:00","Existing Customer - Upgrade","","","0","0","Pipeline","Pipeline","000000000000000AAA","","","0052w00000AvH2CAAV","2022-12-08 21:24:05","0052w00000AvH2CAAV","2022-12-08 21:24:05","0052w00000AvH2CAAV","2022-12-08 21:24:05","","","2015","1","000000000000000AAA","","","","","","","","Caterpillar","Caterpillar, Mitsubishi, Hawkpower"
"0062w00000HAKR9AAP","0","0012w00001AGOCQAA5","0","Edge Emergency Generator","","Id. Decision Makers","5","35000","60","21000","","2022-12-10 00:00:00","Existing Customer - Replacement","","","0","0","Pipeline","Pipeline","000000000000000AAA","","","0052w00000AvH2CAAV","2022-12-08 21:24:05","0052w00000AvH2CAAV","2022-12-08 21:24:05","0052w00000AvH2CAAV","2022-12-08 21:24:05","","","2015","2","000000000000000AAA","","","","","","","","","John Deere, Mitsubishi, Hawkpower"
"0062w00000HAKRAAA5","0","0012w00001AGOCVAA5","0","United Oil Standby Generators","","Closed Won","9","120000","100","120000","","2022-11-27 00:00:00","Existing Customer - Upgrade","","External Referral","1","1","Closed","Closed","000000000000000AAA","","","0052w00000AvH2CAAV","2022-12-08 21:24:05","0052w00000AvH2CAAV","2022-12-08 21:24:05","0052w00000AvH2CAAV","2022-12-08 21:24:05","","","2015","2","000000000000000AAA","","","","","","830150301360","525476","John Deere","John Deere, Mitsubishi, Hawkpower"
"0062w00000HAKRBAA5","0","0012w00001AGOCaAAP","0","GenePoint Lab Generators","","Id. Decision Makers","5","60000","60","36000","","2022-11-28 00:00:00","","","","0","0","Pipeline","Pipeline","000000000000000AAA","","","0052w00000AvH2CAAV","2022-12-08 21:24:05","0052w00000AvH2CAAV","2022-12-08 21:24:05","0052w00000AvH2CAAV","2022-12-08 21:24:05","","","2015","2","000000000000000AAA","","","","","Yet to begin","","","Hawkpower, Fujitsu","Hawkpower"
"0062w00000HAKRCAA5","0","0012w00001AGOCaAAP","0","GenePoint SLA","","Closed Won","9","30000","100","30000","","2022-12-01 00:00:00","Existing Customer - Upgrade","","Partner","1","1","Closed","Closed","000000000000000AAA","","","0052w00000AvH2CAAV","2022-12-08 21:24:05","0052w00000AvH2CAAV","2022-12-08 21:24:05","0052w00000AvH2CAAV","2022-12-08 21:24:05","","","2015","2","000000000000000AAA","","","","","In progress","","546512","",""
"0062w00000MKjFwAAL","0","000000000000000AAA","0","First insurance holder","","Needs Analysis","3","650","20","130","","2023-05-31 00:00:00","","","","0","0","Pipeline","Pipeline","000000000000000AAA","","","0052w00000AvH2CAAV","2023-05-02 05:58:47","0052w00000AvH2CAAV","2023-05-02 05:58:47","0052w00000AvH2CAAV","2023-05-02 05:58:47","","","2023","2","000000000000000AAA","","","","","","","","",""
