"Id","OwnerId","IsDeleted","Name","CreatedDate","CreatedById","LastModifiedDate","LastModifiedById","SystemModstamp","LastActivityDate","Transaction_No__c","Transaction_Type__c","Amount__c","Bank_Type__c","Account__c"
"a022w00000hxbQQAAY","0052w00000AvH2CAAV","0","1st Transaction","2022-12-12 18:51:44","0052w00000AvH2CAAV","2022-12-12 18:51:44","0052w00000AvH2CAAV","2022-12-12 18:51:44","","TN0000001","Debited","500000","a012w00000zL5ALAA0",""
"a022w00000hxbQVAAY","0052w00000AvH2CAAV","0","2nd Transaction","2022-12-12 18:52:25","0052w00000AvH2CAAV","2022-12-14 05:33:02","0052w00000AvH2CAAV","2022-12-14 05:33:02","","TN0000002","Credited","700000","a012w00000zL5AHAA0","0012w00001A6nlcAAB"
"a022w00000hxbQfAAI","0052w00000AvH2CAAV","0","3rd Transaction","2022-12-12 18:58:39","0052w00000AvH2CAAV","2022-12-12 18:58:39","0052w00000AvH2CAAV","2022-12-12 18:58:39","","TN0000003","Debited","670000","a012w00000zL5SoAAK",""
"a022w00000hy3ChAAI","0052w00000AvH2CAAV","0","Task","2022-12-14 05:32:43","0052w00000AvH2CAAV","2022-12-14 05:32:43","0052w00000AvH2CAAV","2022-12-14 05:32:43","","TN0000004","Debited","500000","a012w00000zL5ALAA0","0012w00001A6l2AAAR"
